{"cameraMode":{"drawMode":0,"name":"Shaded","section":"Shading Mode"},"sceneLighting":true,"audioPlay":false,"sceneViewState":{"showFog":true,"showMaterialUpdate":true,"showSkybox":true,"showFlares":true,"showImageEffects":true,"showParticleSystems":true},"in2DMode":false,"pivot":{"x":0.3837437331676483,"y":1.9930744171142579,"z":-0.046285390853881839},"rotation":{"x":-0.2355901449918747,"y":-0.7613919973373413,"z":0.38631290197372439,"w":-0.46446335315704348},"size":0.7543932795524597,"orthographic":false}