{"cameraMode":{"drawMode":0,"name":"Shaded","section":"Shading Mode"},"sceneLighting":false,"audioPlay":false,"sceneViewState":{"showFog":true,"showMaterialUpdate":true,"showSkybox":false,"showFlares":true,"showImageEffects":true,"showParticleSystems":true},"in2DMode":false,"pivot":{"x":0.3414924442768097,"y":-0.04578602313995361,"z":0.5280276536941528},"rotation":{"x":-0.10982004553079605,"y":-0.4822274148464203,"z":0.0610918365418911,"w":-0.8669986128807068},"size":0.9653531908988953,"orthographic":false}