{"cameraMode":{"drawMode":0,"name":"Shaded","section":"Shading Mode"},"sceneLighting":false,"audioPlay":false,"sceneViewState":{"showFog":true,"showMaterialUpdate":true,"showSkybox":false,"showFlares":true,"showImageEffects":true,"showParticleSystems":true},"in2DMode":false,"pivot":{"x":-0.003692362457513809,"y":0.11407098174095154,"z":0.032278575003147128},"rotation":{"x":0.038703545928001407,"y":-0.9559606909751892,"z":0.14895257353782655,"w":0.25022003054618838},"size":0.07514333724975586,"orthographic":false}